{"assets/applogo.png":["assets/applogo.png"],"assets/blank-profile-picture-973460_1920.png":["assets/blank-profile-picture-973460_1920.png"],"assets/clockbg.png":["assets/clockbg.png"],"assets/girl_dp.jpg":["assets/girl_dp.jpg"],"assets/image1.jpg":["assets/image1.jpg"],"assets/image2.jpg":["assets/image2.jpg"],"assets/image3.jpg":["assets/image3.jpg"],"assets/image4.jpg":["assets/image4.jpg"],"assets/image5.jpg":["assets/image5.jpg"],"assets/image6.jpg":["assets/image6.jpg"],"assets/image7.jpg":["assets/image7.jpg"],"assets/image8.jpg":["assets/image8.jpg"],"assets/image9.jpg":["assets/image9.jpg"],"assets/no_profile.webp":["assets/no_profile.webp"],"assets/search.png":["assets/search.png"],"assets/sound.mp3":["assets/sound.mp3"],"assets/video-camera.png":["assets/video-camera.png"],"packages/cupertino_icons/assets/CupertinoIcons.ttf":["packages/cupertino_icons/assets/CupertinoIcons.ttf"],"packages/rflutter_alert/assets/images/close.png":["packages/rflutter_alert/assets/images/close.png","packages/rflutter_alert/assets/images/2.0x/close.png","packages/rflutter_alert/assets/images/3.0x/close.png"],"packages/rflutter_alert/assets/images/icon_error.png":["packages/rflutter_alert/assets/images/icon_error.png","packages/rflutter_alert/assets/images/2.0x/icon_error.png","packages/rflutter_alert/assets/images/3.0x/icon_error.png"],"packages/rflutter_alert/assets/images/icon_info.png":["packages/rflutter_alert/assets/images/icon_info.png","packages/rflutter_alert/assets/images/2.0x/icon_info.png","packages/rflutter_alert/assets/images/3.0x/icon_info.png"],"packages/rflutter_alert/assets/images/icon_success.png":["packages/rflutter_alert/assets/images/icon_success.png","packages/rflutter_alert/assets/images/2.0x/icon_success.png","packages/rflutter_alert/assets/images/3.0x/icon_success.png"],"packages/rflutter_alert/assets/images/icon_warning.png":["packages/rflutter_alert/assets/images/icon_warning.png","packages/rflutter_alert/assets/images/2.0x/icon_warning.png","packages/rflutter_alert/assets/images/3.0x/icon_warning.png"]}